nombre,apellido,imagen_url,telefono,tipo_usuario,usuario,idioma,ciudad_id
Grant,Gardner,B41585.jpg,354 171 56 28,Cliente,OTGE_7,ESPAÑOL,3
Liberty,Pennington,S31348.jpg,337 995 68 78,Cliente,DLMC_1,ESPAÑOL,3
Thaddeus,Rice,I76852.jpg,372 924 55 01,Cliente,DPPG_6,ESPAÑOL,5
Wesley,Franco,G58443.jpg,329 389 39 72,Cliente,OFUM_7,ESPAÑOL,9
Reuben,Stevenson,G06558.jpg,300 351 74 72,Cliente,OTIU_8,ESPAÑOL,9
Donna,Hansen,R13015.jpg,307 548 76 31,Cliente,QHHO_4,INGLES,7
Hedley,England,Z28506.jpg,393 124 37 10,Cliente,JPHW_7,INGLES,1
Shea,Rivers,N63305.jpg,348 541 80 84,Cliente,XDOW_3,FRANCES,6
Noah,Summers,M95062.jpg,337 901 54 94,Cliente,JNMA_9,INGLES,8
Ria,Dalton,X91277.jpg,317 106 81 79,Cliente,LFND_6,ESPAÑOL,7
Skyler,Guerra,G32428.jpg,322 507 21 65,Cliente,IIQM_8,ESPAÑOL,3
Merritt,Morgan,F41659.jpg,322 885 37 38,Cliente,RPNS_8,ESPAÑOL,3
Oliver,Curry,P31056.jpg,306 141 89 70,Cliente,ZTSE_0,ESPAÑOL,4
Oleg,Guthrie,J23169.jpg,382 132 07 12,Cliente,XFZI_2,ESPAÑOL,10
Amena,Hahn,S48929.jpg,313 211 45 02,Cliente,XCYB_3,INGLES,3
Dora,Castro,Y72018.jpg,341 021 28 70,Cliente,STPN_3,INGLES,9
Richard,Herring,F71881.jpg,345 826 14 99,Cliente,YDWD_4,ESPAÑOL,2
Bert,Valencia,L66787.jpg,357 532 23 88,Cliente,IHDL_9,ESPAÑOL,1
Chancellor,Reed,B43485.jpg,384 931 54 44,Cliente,HPJE_0,ESPAÑOL,4
Reed,Lowe,D53032.jpg,308 872 44 34,Cliente,JVRT_5,FRANCES,8
Raphael,Rosales,P02430.jpg,341 082 80 26,Cliente,YJGI_6,FRANCES,1
Buckminster,Whitfield,S48502.jpg,360 362 20 90,Cliente,DXMX_8,ESPAÑOL,6
Tanisha,Franks,H26983.jpg,378 236 66 66,Cliente,BLDY_5,ESPAÑOL,4
Perry,Hunter,W71920.jpg,382 112 46 90,Cliente,KDNQ_6,ESPAÑOL,5
Raphael,Castillo,T37303.jpg,300 179 34 45,Cliente,ZLFV_5,FRANCES,5
Chantale,Kent,K68973.jpg,379 888 41 18,Cliente,YPHY_3,FRANCES,4
Vaughan,Mendoza,Z60733.jpg,307 425 05 08,Cliente,ZKGW_5,INGLES,2
Ivana,Jefferson,F20030.jpg,343 922 91 81,Cliente,NMWN_0,ESPAÑOL,10
Cole,Rodgers,Y90036.jpg,336 976 59 89,Cliente,FAAN_4,INGLES,6
Orson,Freeman,H39380.jpg,301 832 97 49,Cliente,CWIN_0,ESPAÑOL,2
Lyle,Berger,Y62006.jpg,383 043 91 61,Cliente,WHMV_1,ESPAÑOL,8
Jordan,Gay,H54853.jpg,398 212 47 65,Cliente,QTLF_2,INGLES,5
Roth,Petty,C04114.jpg,356 675 45 78,Cliente,JOVQ_7,ESPAÑOL,10
Quinlan,Mejia,B51894.jpg,375 573 26 04,Cliente,PCOU_8,ESPAÑOL,9
Noah,Soto,B69163.jpg,322 851 17 03,Cliente,GMYX_2,ESPAÑOL,9
Sydnee,Luna,E52049.jpg,374 418 63 69,Cliente,HDXU_2,INGLES,9
Allegra,Russo,I26646.jpg,399 562 68 30,Cliente,BROK_0,INGLES,6
Armando,Schwartz,T79392.jpg,370 542 42 50,Cliente,DECS_9,ESPAÑOL,4
Laura,Sosa,E89632.jpg,385 922 88 00,Cliente,IURJ_3,ESPAÑOL,6
Lacy,Nelson,A40209.jpg,396 053 35 64,Cliente,JGHI_9,ESPAÑOL,10
Cameron,Beck,B21117.jpg,357 522 01 96,Cliente,DCOE_0,ESPAÑOL,9
Kamal,Burton,A28936.jpg,350 017 01 87,Cliente,JSQN_5,FRANCES,8
Hilel,Munoz,N95399.jpg,309 446 63 44,Cliente,XRDM_5,INGLES,3
Jescie,Forbes,H45678.jpg,326 586 41 85,Cliente,OOFA_7,ESPAÑOL,5
Kevyn,Stephenson,J52883.jpg,351 118 79 34,Cliente,FZUZ_7,FRANCES,1
Dai,Delgado,J37350.jpg,381 807 38 00,Cliente,CKYH_9,FRANCES,4
Madeline,Jensen,I12829.jpg,375 269 44 90,Cliente,MQCD_9,INGLES,2
Macon,Tanner,W33410.jpg,344 140 05 13,Cliente,AAJK_8,FRANCES,9
Dennis,Hayden,T70585.jpg,378 223 78 54,Cliente,UAWC_1,FRANCES,5
Vincent,Reilly,Z40637.jpg,320 581 82 56,Cliente,KHLK_9,ESPAÑOL,3
Benjamin,Ryan,S88736.jpg,393 349 58 86,Cliente,AEIP_7,ESPAÑOL,10
Reece,Gallegos,M89258.jpg,379 512 61 10,Cliente,RTHW_9,INGLES,5
Wade,Britt,Q91142.jpg,374 563 26 59,Cliente,LYBV_2,FRANCES,1
Melodie,Hatfield,I80724.jpg,326 035 80 53,Cliente,TCZW_1,INGLES,6
Jorden,Miller,N86405.jpg,380 623 31 04,Cliente,OVQV_1,INGLES,2
Whoopi,Hubbard,R97897.jpg,367 334 54 33,Cliente,EMQO_1,INGLES,10
Ariel,Clarke,H66431.jpg,305 762 47 76,Cliente,IPFD_9,FRANCES,9
Jayme,Wise,B06150.jpg,331 171 29 95,Cliente,RJJI_5,FRANCES,5
Sopoline,Hayden,K90596.jpg,375 671 55 33,Cliente,NSWC_4,ESPAÑOL,7
Rinah,Hodge,F33561.jpg,386 082 45 33,Cliente,NQYW_8,INGLES,1
Blake,Morin,X01570.jpg,363 912 24 18,Cliente,OLGO_5,FRANCES,7
Bree,Gallegos,H33911.jpg,331 987 55 19,Cliente,MJUX_3,FRANCES,6
Imogene,Whitley,F95326.jpg,390 880 31 94,Cliente,RFCB_5,FRANCES,5
Serina,Foreman,R15144.jpg,340 474 46 50,Cliente,WKFW_9,INGLES,2
Robert,Chapman,D41280.jpg,360 524 74 75,Cliente,HEIZ_7,ESPAÑOL,1
Sandra,Stein,R36799.jpg,382 531 19 02,Cliente,COZL_3,INGLES,3
Hermione,Wilcox,B34310.jpg,391 469 09 33,Cliente,HECR_4,ESPAÑOL,4
Sophia,Morton,U10326.jpg,336 055 58 88,Cliente,LKKL_1,FRANCES,9
Victoria,Leonard,S85432.jpg,381 223 55 73,Cliente,ENUG_4,ESPAÑOL,5
Josephine,Gibson,I84243.jpg,311 952 65 10,Cliente,VUBL_2,INGLES,1
Sacha,Mcdowell,C10084.jpg,352 080 60 27,Cliente,HOHG_8,INGLES,7
Samson,Hopkins,K60672.jpg,398 922 60 15,Cliente,JOCP_9,FRANCES,3
Tarik,Holt,M80942.jpg,308 980 64 84,Cliente,NLCN_7,ESPAÑOL,10
Griffin,Gibbs,U58196.jpg,338 659 46 64,Cliente,ZHQU_9,FRANCES,2
Marcia,Joyce,I66989.jpg,380 981 81 26,Cliente,LPTN_7,ESPAÑOL,10
Justina,Cotton,E31523.jpg,358 799 81 26,Cliente,LCUD_2,FRANCES,10
Wayne,Gordon,S70210.jpg,337 244 06 25,Cliente,NIHT_2,ESPAÑOL,7
Athena,Kerr,T41464.jpg,349 269 60 39,Cliente,NOLX_0,INGLES,2
Doris,Bentley,J48518.jpg,392 158 10 52,Cliente,WJGK_1,INGLES,10
Luke,Mcclain,I58615.jpg,317 944 70 63,Cliente,XNWY_1,FRANCES,5
Xenos,Tillman,R68144.jpg,318 799 07 26,Cliente,ZLCA_1,INGLES,9
Vincent,Gutierrez,R25393.jpg,325 375 36 33,Cliente,RUQY_9,INGLES,6
Clarke,Finley,D62099.jpg,316 217 80 02,Cliente,ENQV_7,ESPAÑOL,7
Chiquita,Boone,H26944.jpg,379 427 61 65,Cliente,YEXV_2,ESPAÑOL,6
Keelie,Singleton,X02061.jpg,387 732 54 89,Cliente,FBQT_4,INGLES,10
Jin,Hendrix,X36981.jpg,352 302 82 18,Cliente,ILDP_0,INGLES,10
Blair,Sanders,H83707.jpg,307 383 99 03,Cliente,TLST_1,INGLES,10
Stacey,Weiss,I76635.jpg,393 831 68 70,Cliente,XVOU_5,FRANCES,9
Boris,Peck,Z23903.jpg,370 809 68 96,Cliente,QLFL_0,FRANCES,10
Nerea,Allen,F95195.jpg,316 878 17 61,Cliente,QUOR_0,ESPAÑOL,1
Prescott,Summers,X81374.jpg,362 179 27 04,Cliente,KIED_1,ESPAÑOL,4
Sheila,Clemons,M91843.jpg,316 297 80 29,Cliente,NHBH_4,ESPAÑOL,5
Flynn,Whitney,S83113.jpg,394 437 76 76,Cliente,MDOV_8,ESPAÑOL,7
Caldwell,Cruz,W51508.jpg,361 679 06 93,Cliente,NJEU_5,ESPAÑOL,1
Amela,Banks,A46884.jpg,385 849 87 71,Cliente,OVBG_9,ESPAÑOL,4
Wesley,Snow,T65207.jpg,374 062 92 37,Cliente,UBCT_8,ESPAÑOL,5
Cade,Drake,C28581.jpg,388 243 75 20,Cliente,IWRJ_0,INGLES,3
Nola,Lynn,J98113.jpg,379 917 68 60,Cliente,WSEL_5,FRANCES,10
Kibo,Schmidt,E17678.jpg,399 781 55 60,Cliente,IBLO_3,FRANCES,8
Jeremy,Rich,L62824.jpg,353 453 09 11,Cliente,HAOJ_9,FRANCES,8
Bradley,Walls,S44725.jpg,380 463 48 03,Cliente,BAWR_1,INGLES,8
Janna,Richards,S55855.jpg,370 643 32 67,Cliente,VZIZ_6,FRANCES,8
Ruby,Hudson,Q81137.jpg,305 893 44 33,Cliente,UMKV_4,ESPAÑOL,6
Cameron,Glover,Z30760.jpg,325 325 48 46,Cliente,SQTW_1,FRANCES,1
Eliana,Oliver,L39355.jpg,307 283 88 79,Cliente,GRMO_3,INGLES,4
Asher,Colon,M34436.jpg,338 192 33 95,Cliente,IAYG_6,FRANCES,8
Fuller,Buckner,N89791.jpg,302 249 48 15,Cliente,OKUS_5,INGLES,1
Henry,Dunn,Z71052.jpg,341 839 69 74,Cliente,DVSK_5,FRANCES,2
Grace,Glover,B43519.jpg,358 420 13 16,Cliente,DSJG_4,ESPAÑOL,1
Yael,Hansen,H10097.jpg,314 434 55 31,Cliente,HNPX_4,INGLES,2
Yolanda,Mcpherson,L77200.jpg,355 606 32 91,Cliente,JDOQ_4,ESPAÑOL,6
Shelly,Mann,I88228.jpg,318 070 29 79,Cliente,CUBQ_0,ESPAÑOL,5
Garth,Buchanan,C10277.jpg,313 855 24 13,Cliente,ECYN_2,INGLES,5
Elliott,Brown,I21473.jpg,382 531 97 38,Cliente,SXVL_5,ESPAÑOL,5
Sonya,Mccullough,G68802.jpg,398 005 54 20,Cliente,QBJB_5,INGLES,6
Richard,Mccormick,A65952.jpg,376 197 36 45,Cliente,DJUC_5,INGLES,4
Patrick,Osborne,Z75758.jpg,376 650 42 88,Cliente,FHOB_2,FRANCES,4
Grant,Morrison,Z94178.jpg,308 084 46 69,Cliente,IXHP_6,FRANCES,8
Stuart,Becker,B95965.jpg,345 613 09 11,Cliente,BHIB_0,FRANCES,6
Cecilia,Downs,G11919.jpg,381 734 88 93,Cliente,AYQX_2,FRANCES,6
Cullen,Sykes,E67404.jpg,361 324 29 63,Cliente,AINB_7,INGLES,1
Candice,Langley,A39241.jpg,341 764 88 37,Cliente,EVJL_8,ESPAÑOL,5
Pamela,Gaines,G65904.jpg,329 056 70 61,Cliente,GYIY_9,FRANCES,7
Barrett,Davenport,I70979.jpg,374 533 63 90,Cliente,AXME_6,FRANCES,4
Fritz,Oconnor,K38382.jpg,331 332 29 77,Cliente,QLRM_1,ESPAÑOL,8
Sonia,Mckay,O94640.jpg,378 928 57 78,Cliente,DPRX_5,INGLES,1
Preston,Galloway,L75281.jpg,399 950 23 03,Cliente,ZQTZ_1,FRANCES,1
Aladdin,Snow,R61119.jpg,375 029 50 79,Cliente,BCOK_6,FRANCES,6
Hanna,Macias,T88759.jpg,352 634 96 49,Cliente,IGYF_6,FRANCES,1
Acton,Trujillo,L37974.jpg,374 124 48 90,Cliente,POYE_5,INGLES,7
Charity,Langley,A31127.jpg,371 445 08 33,Cliente,KUHK_9,INGLES,6
Kylynn,Dotson,F34640.jpg,320 092 31 69,Cliente,DXBD_8,FRANCES,2
Wang,Vazquez,V51741.jpg,349 175 42 97,Cliente,ZYGH_7,ESPAÑOL,4
Dexter,Meyer,M94322.jpg,314 206 90 19,Cliente,HBVB_6,ESPAÑOL,4
Maggy,Morton,C07463.jpg,353 033 38 33,Cliente,ZFWJ_1,FRANCES,10
Keane,Dillon,J98572.jpg,375 325 89 94,Cliente,ZOUA_3,INGLES,7
Kimberly,Lynch,N01146.jpg,382 423 60 76,Cliente,XTFA_7,FRANCES,3
Shelby,Barton,V08497.jpg,348 045 13 46,Cliente,PPTB_0,ESPAÑOL,2
Gwendolyn,Wood,M61941.jpg,324 999 81 34,Cliente,XYZM_4,INGLES,2
Nicole,Fields,T18406.jpg,312 260 49 58,Cliente,AYQL_4,ESPAÑOL,5
Oleg,Pickett,V82592.jpg,385 792 63 85,Cliente,HDWX_5,ESPAÑOL,5
Halee,Weber,Z34733.jpg,320 776 47 81,Cliente,NGCO_1,INGLES,3
Hilel,Snyder,F65716.jpg,385 705 76 23,Cliente,KDGM_5,INGLES,10
Renee,Carr,B42828.jpg,393 371 65 35,Cliente,NNFB_2,ESPAÑOL,4
Veronica,Roth,L50332.jpg,395 619 09 11,Cliente,HBBK_3,INGLES,3
Chandler,Howell,K60402.jpg,355 109 43 96,Cliente,CITG_9,INGLES,6
Maya,Schmidt,B70848.jpg,380 685 43 85,Cliente,ACLT_1,FRANCES,7
Kylee,Branch,U71147.jpg,391 359 57 60,Cliente,SXMJ_6,FRANCES,10
Brendan,Soto,A60661.jpg,382 994 35 99,Cliente,DUEM_7,FRANCES,10
Kibo,May,S10230.jpg,365 860 29 87,Cliente,TGAH_7,ESPAÑOL,3
Akeem,Craft,D68506.jpg,395 367 44 11,Cliente,MSVH_6,INGLES,9
Jennifer,Bowers,A50354.jpg,392 301 28 38,Cliente,LHAP_7,INGLES,9
Odysseus,Riggs,B08851.jpg,374 940 35 75,Cliente,ILPA_9,ESPAÑOL,7
Brendan,Christensen,S57012.jpg,393 913 92 07,Cliente,VGDJ_6,FRANCES,10
Medge,Taylor,M51555.jpg,398 994 48 92,Cliente,ISYK_2,INGLES,6
Walker,Brady,E39688.jpg,354 171 89 64,Cliente,JZQZ_5,ESPAÑOL,6
Juliet,Peck,N68452.jpg,368 657 33 00,Cliente,APGU_1,ESPAÑOL,5
Karleigh,Berry,J14150.jpg,368 089 74 82,Cliente,SIJJ_5,ESPAÑOL,10
Caryn,Herman,R07244.jpg,377 137 30 37,Cliente,CHGD_3,ESPAÑOL,1
Anjolie,Byers,Z33764.jpg,364 472 87 93,Cliente,CCLI_5,INGLES,6
Winifred,Mckee,H26505.jpg,367 059 55 30,Cliente,IFQD_2,FRANCES,2
Kay,Hobbs,J91046.jpg,308 558 02 20,Cliente,QTEP_6,FRANCES,9
Tanek,Buchanan,N95914.jpg,313 860 04 76,Cliente,BJKO_2,FRANCES,8
Hope,Dale,W09510.jpg,314 693 08 25,Cliente,WWRU_9,FRANCES,1
Ulric,Stephens,C41462.jpg,347 896 29 49,Cliente,RGZW_9,FRANCES,8
Kyra,Hall,M37825.jpg,351 632 90 15,Cliente,HAAZ_2,FRANCES,6
Hilel,Buckley,R75905.jpg,350 015 89 52,Cliente,IWVA_6,INGLES,5
Branden,Petersen,Z95997.jpg,345 429 65 65,Cliente,OQCO_4,ESPAÑOL,10
Robin,Hunt,M89038.jpg,325 360 47 97,Cliente,PIKM_1,ESPAÑOL,2
Benedict,Waller,Q46857.jpg,317 476 79 30,Cliente,ADPL_7,ESPAÑOL,9
Jin,Pate,L64140.jpg,365 955 87 41,Cliente,JPLK_6,FRANCES,7
Brian,Frederick,X38846.jpg,360 998 53 32,Cliente,YDGZ_0,INGLES,6
Henry,Good,H82559.jpg,355 592 51 04,Cliente,ILFN_5,FRANCES,8
Idona,Mckinney,B09859.jpg,379 072 87 43,Cliente,DQII_2,INGLES,10
Raja,Frank,G06545.jpg,394 091 98 21,Cliente,ALSZ_5,FRANCES,4
Wendy,Weeks,L21260.jpg,328 535 40 24,Cliente,IYTS_3,INGLES,3
Serena,Dejesus,G19203.jpg,360 025 45 87,Cliente,EQJE_1,ESPAÑOL,4
Moana,Mcguire,Q58073.jpg,302 402 97 79,Cliente,NSYM_7,FRANCES,10
Oscar,Downs,G12500.jpg,398 646 71 48,Cliente,ZGBP_8,FRANCES,4
Walker,Shepherd,X37167.jpg,312 709 69 81,Cliente,YKWS_4,INGLES,2
Madeline,Mcleod,C33470.jpg,310 259 88 30,Cliente,MAHI_8,INGLES,5
Cole,Mcgee,E61800.jpg,303 591 63 51,Cliente,PTQV_6,FRANCES,9
Ebony,Rivers,B56834.jpg,359 436 10 54,Cliente,GYYD_1,INGLES,8
Xandra,Sutton,U33186.jpg,363 653 26 07,Cliente,OJIM_6,INGLES,9
Troy,Battle,X82361.jpg,345 350 95 00,Cliente,NIUW_2,INGLES,7
Donovan,Holman,X19418.jpg,312 783 48 44,Cliente,ELMQ_7,ESPAÑOL,4
Jelani,Mcgee,M60868.jpg,389 491 89 75,Cliente,YMKO_5,FRANCES,1
Nero,Barlow,E01788.jpg,392 949 88 31,Cliente,WLFR_1,ESPAÑOL,3
Ethan,Alford,X16778.jpg,399 281 64 92,Cliente,EVLP_5,ESPAÑOL,8
Sebastian,Morse,H40827.jpg,301 993 21 94,Cliente,DHCB_0,ESPAÑOL,8
Kendall,Middleton,R33241.jpg,317 062 31 76,Cliente,DBHD_2,FRANCES,8
George,Knowles,R38385.jpg,345 910 37 35,Cliente,LEUI_0,ESPAÑOL,2
Graiden,Potts,A44043.jpg,347 691 71 95,Cliente,YZYF_3,INGLES,1
Nasim,Leonard,F30238.jpg,342 988 72 31,Cliente,DUEB_6,FRANCES,5
Madeline,Weaver,K77905.jpg,382 258 68 74,Cliente,GSKB_1,FRANCES,10
Kenyon,Chambers,E72451.jpg,395 851 66 92,Cliente,RIDG_4,INGLES,9
Signe,Merrill,F10758.jpg,307 143 11 01,Cliente,FQPQ_7,FRANCES,10
Erich,Murphy,N19351.jpg,381 502 90 22,Cliente,VFPJ_3,INGLES,3
Porter,Dean,S19983.jpg,374 351 57 84,Cliente,PDHM_1,ESPAÑOL,1
Jorden,Terry,P38506.jpg,376 700 25 13,Cliente,JPZJ_3,ESPAÑOL,8
Alfreda,Wolfe,G44543.jpg,367 028 87 30,Cliente,GIMM_5,ESPAÑOL,6
Arsenio,Jarvis,C78562.jpg,393 944 62 35,Cliente,QBQT_2,INGLES,1
Blythe,White,F54386.jpg,374 535 64 26,Cliente,MJQL_5,ESPAÑOL,9
Mira,Cabrera,N55450.jpg,346 256 35 74,Cliente,KIVR_3,ESPAÑOL,8
Cassandra,Le,F98098.jpg,327 696 28 20,Cliente,FTQY_2,INGLES,1
Zachary,Schwartz,D69939.jpg,398 352 75 57,Cliente,KNXB_0,ESPAÑOL,3
Barry,Mcbride,E16289.jpg,369 054 50 99,Cliente,VMJC_1,ESPAÑOL,10
Finn,Aguilar,K69476.jpg,392 708 53 03,Cliente,JKVE_8,INGLES,10
Connor,Guerra,R44195.jpg,307 061 08 59,Cliente,TUKS_7,ESPAÑOL,7
Lev,Knapp,Y55692.jpg,367 076 27 96,Cliente,CYEN_1,INGLES,2
Myles,Frye,M35937.jpg,342 756 02 31,Cliente,KFZE_3,ESPAÑOL,10
Fallon,Diaz,M30644.jpg,346 174 34 48,Cliente,VFEL_3,INGLES,10
Gray,Bradley,R80315.jpg,395 007 93 83,Cliente,CYQQ_5,FRANCES,3
Stella,Lawson,E78026.jpg,316 914 05 37,Cliente,NYLC_5,FRANCES,3
Beck,Levy,Y84165.jpg,356 706 86 91,Cliente,ANPY_4,FRANCES,6
Gary,Glass,Z46171.jpg,328 297 15 52,Cliente,WDMV_1,FRANCES,6
Brian,Barnett,D89107.jpg,384 453 59 09,Cliente,TIRH_7,INGLES,3
Reagan,Erickson,F84265.jpg,397 125 22 46,Cliente,VKJP_6,INGLES,4
Brody,Koch,B45367.jpg,342 269 71 90,Cliente,UQQS_8,FRANCES,1
Veda,Bowers,V28790.jpg,397 009 40 01,Cliente,SGZH_3,ESPAÑOL,3
Maggy,Powell,W03587.jpg,364 287 65 87,Cliente,NCKP_3,FRANCES,6
Emmanuel,Kemp,K67091.jpg,370 412 05 11,Cliente,CTPZ_0,ESPAÑOL,1
Kirestin,Barr,T93880.jpg,332 930 62 30,Cliente,CHRB_3,ESPAÑOL,6
Larissa,Good,C61118.jpg,389 458 25 72,Cliente,XPAE_0,INGLES,3
Cole,Waller,F92961.jpg,360 447 41 72,Cliente,JYGX_8,FRANCES,2
Cara,Preston,P26354.jpg,354 753 13 70,Cliente,ZVQS_3,ESPAÑOL,10
Cathleen,Brooks,J09103.jpg,301 947 42 79,Cliente,YBDG_6,INGLES,2
Regina,Clements,J65550.jpg,323 741 93 62,Cliente,DWUC_5,FRANCES,6
Carson,Mcpherson,T76074.jpg,309 765 20 30,Cliente,NEHF_6,ESPAÑOL,4
Miriam,Goodman,Z50708.jpg,389 211 67 85,Cliente,PRFA_7,FRANCES,9
Felix,Bruce,M56289.jpg,386 424 28 60,Cliente,UGTM_5,INGLES,4
Fitzgerald,Craig,F12507.jpg,345 975 09 48,Cliente,GMFJ_5,ESPAÑOL,3
Jacqueline,Church,H99268.jpg,303 070 90 93,Cliente,PBTV_9,ESPAÑOL,10
Tyler,Briggs,I93319.jpg,380 419 66 39,Cliente,JSBT_7,FRANCES,2
Madaline,Carver,Z46510.jpg,382 811 15 57,Cliente,SDYZ_9,ESPAÑOL,10
Alexandra,Kent,N24159.jpg,318 833 96 20,Cliente,SLMF_8,INGLES,7
Emmanuel,Porter,E15031.jpg,337 541 58 18,Cliente,ABHS_2,INGLES,2
Macy,Mcguire,Q29513.jpg,381 468 26 70,Cliente,WWEG_9,FRANCES,5
Imani,Reese,A34204.jpg,361 916 04 21,Cliente,HZAH_3,INGLES,4
Orla,Calderon,O56369.jpg,300 807 25 70,Cliente,ZOBJ_1,ESPAÑOL,4
Isabella,Mcmillan,D36978.jpg,307 845 38 72,Cliente,AEZJ_9,FRANCES,10
Janna,Bray,O26007.jpg,386 853 54 12,Cliente,PIGC_5,FRANCES,7
Uma,Rush,C31866.jpg,351 391 87 10,Cliente,MUKR_5,ESPAÑOL,4
Iris,Head,N21091.jpg,321 358 87 27,Cliente,IXNY_4,FRANCES,9
Connor,Contreras,X69161.jpg,369 558 52 29,Cliente,VEBF_1,ESPAÑOL,2
Jamalia,Conrad,A35205.jpg,338 825 78 54,Cliente,ZPMP_1,FRANCES,9
Moses,Bright,P35337.jpg,339 041 54 06,Cliente,UTRE_8,FRANCES,9
Louis,Harris,Y79586.jpg,398 872 22 31,Cliente,YPSW_9,FRANCES,8
Harlan,Reilly,N22262.jpg,375 867 09 05,Cliente,SDAB_8,INGLES,9
Maisie,Berry,F24990.jpg,345 367 98 53,Cliente,KYUZ_5,FRANCES,7
Graham,Horton,W28869.jpg,365 503 40 31,Cliente,BGKI_2,INGLES,7
Colleen,Ellis,V11998.jpg,360 850 71 81,Cliente,WBEA_1,INGLES,4
Gemma,Santiago,K14363.jpg,388 367 51 80,Cliente,ONAG_7,ESPAÑOL,1
Paul,Olsen,M35710.jpg,364 447 20 48,Cliente,PBNR_9,ESPAÑOL,6
Eaton,Olson,T38202.jpg,360 031 26 94,Cliente,LLAI_7,INGLES,5
Amy,Rivas,L09048.jpg,323 185 93 85,Cliente,RZNX_0,INGLES,3
Lani,Ryan,U61157.jpg,316 747 32 78,Cliente,WVOP_3,ESPAÑOL,4
Unity,Dickson,L15785.jpg,382 859 25 21,Cliente,MOBL_0,INGLES,8
Hector,Shepard,B06451.jpg,337 466 45 76,Cliente,WEKD_8,FRANCES,3
Galena,Hooper,S50624.jpg,346 658 26 47,Cliente,VNOA_0,INGLES,7
Tasha,Goodman,N74437.jpg,348 719 39 79,Cliente,NXYH_9,INGLES,2
Oprah,Clarke,C33292.jpg,347 844 66 65,Cliente,WIXS_8,FRANCES,8
Nelle,Gray,J19393.jpg,302 959 73 41,Cliente,DVXQ_4,FRANCES,6
Hunter,Nguyen,O67180.jpg,388 245 45 84,Cliente,OZJT_8,ESPAÑOL,4
Cecilia,Foley,M05066.jpg,307 331 31 63,Cliente,ACJN_4,ESPAÑOL,10
Amena,Sparks,Q94560.jpg,306 568 89 88,Cliente,RXWW_6,ESPAÑOL,4
Blaine,Goodman,L99902.jpg,311 582 19 60,Cliente,YSZU_1,INGLES,2
Suki,Hughes,K87127.jpg,310 093 68 06,Cliente,BRYZ_0,ESPAÑOL,7
Morgan,Horn,D70832.jpg,399 008 29 27,Cliente,GEQC_2,FRANCES,8
Ivor,Gonzalez,P84433.jpg,338 040 69 55,Cliente,WJLM_1,INGLES,9
Melinda,Mann,U50839.jpg,368 958 91 34,Cliente,HIQO_4,INGLES,2
Iona,Mathis,I12197.jpg,391 588 13 55,Cliente,XWIA_5,ESPAÑOL,6
Mason,Roy,R98925.jpg,396 002 05 96,Cliente,VBRU_4,INGLES,8
Matthew,Stout,O68990.jpg,325 065 43 87,Cliente,IJYM_7,INGLES,4
Josiah,Blankenship,N36971.jpg,344 405 66 27,Cliente,YKKW_1,ESPAÑOL,7
Hope,Duncan,T04522.jpg,377 011 53 68,Cliente,QNYX_5,ESPAÑOL,8
Orla,Swanson,S31759.jpg,338 019 77 20,Cliente,ZAFU_7,FRANCES,6
Liberty,Rutledge,P29198.jpg,356 904 02 27,Cliente,WCBK_8,FRANCES,3
Zena,Hawkins,E55344.jpg,383 725 89 72,Cliente,NJVS_5,FRANCES,5
Meredith,Briggs,W08204.jpg,383 919 12 64,Cliente,QWMN_8,INGLES,8
Hakeem,Merrill,D51675.jpg,351 171 30 01,Cliente,EQFJ_0,FRANCES,1
Hasad,Collier,J90844.jpg,381 175 53 30,Cliente,VMPS_1,INGLES,4
Anika,Stein,G68326.jpg,357 239 60 98,Cliente,HCBN_8,ESPAÑOL,6
Donna,Norman,W33895.jpg,377 278 70 40,Cliente,HGJK_1,ESPAÑOL,10
Seth,Harding,G92970.jpg,328 107 06 35,Cliente,ZYKD_9,INGLES,10
Kasimir,Phelps,Y95036.jpg,313 405 26 39,Cliente,VPVL_2,INGLES,7
Doris,Day,L15399.jpg,319 668 74 89,Cliente,YCYU_0,FRANCES,9
Rachel,Waller,A45530.jpg,357 619 06 32,Cliente,CNAV_9,INGLES,1
Avram,Patton,G42601.jpg,330 034 72 35,Cliente,FGAQ_0,ESPAÑOL,6
Shaine,Strickland,Y87278.jpg,393 739 97 30,Cliente,RWOJ_7,INGLES,6
Byron,Morrison,Q40921.jpg,329 638 55 56,Cliente,VNOT_9,INGLES,8
Tashya,Casey,F85767.jpg,398 856 34 85,Cliente,OXJC_8,ESPAÑOL,2
Leo,Cleveland,B25875.jpg,323 303 85 92,Cliente,GICM_6,FRANCES,6
Tatum,Tillman,Q76866.jpg,315 581 06 83,Cliente,VOXB_9,FRANCES,9
Fritz,Mcdonald,Z68815.jpg,365 685 71 40,Cliente,GBJP_3,FRANCES,3
Sydnee,Cruz,M75213.jpg,300 650 19 67,Cliente,RBMM_4,INGLES,4
Ciaran,Mueller,C62289.jpg,302 019 61 99,Cliente,QTKX_8,FRANCES,3
Brent,Rollins,E60773.jpg,343 972 35 30,Cliente,OHCC_1,FRANCES,3
Simon,Holder,J43655.jpg,310 062 96 47,Cliente,ZXEI_3,FRANCES,6
Honorato,Chavez,E40793.jpg,357 416 83 00,Cliente,GDUZ_4,ESPAÑOL,5
Nero,Wolf,P05286.jpg,398 106 70 39,Cliente,QPKL_3,FRANCES,3
Wylie,Walton,Z89024.jpg,388 453 27 31,Cliente,JPGT_6,FRANCES,1
Karina,Bennett,Q08563.jpg,380 575 19 49,Cliente,JAIU_0,INGLES,8
Rafael,Stark,N39846.jpg,395 806 94 72,Cliente,GOSI_6,INGLES,7
Jermaine,Gilbert,A26372.jpg,309 051 32 79,Cliente,XSUN_8,INGLES,10
Rosalyn,Johns,P45763.jpg,380 345 41 67,Cliente,JXUE_1,ESPAÑOL,4
Courtney,Bryan,O73243.jpg,312 092 19 35,Cliente,WMQC_7,ESPAÑOL,5
Jeanette,Molina,L60167.jpg,309 783 53 21,Cliente,YNHA_6,ESPAÑOL,7
Noel,Meyer,L49268.jpg,379 083 26 28,Cliente,BYEZ_1,ESPAÑOL,3
Xandra,Ratliff,S12223.jpg,375 920 85 21,Cliente,WICX_4,FRANCES,3
Sara,Shaffer,C16185.jpg,330 776 00 33,Cliente,MOLH_0,FRANCES,6
Derek,Maldonado,F52886.jpg,359 239 59 44,Cliente,BQYO_7,ESPAÑOL,3
Galvin,Bryan,R74668.jpg,358 944 19 00,Cliente,PDZZ_7,INGLES,10
Linus,Benton,J06621.jpg,335 058 32 27,Cliente,FDPW_2,FRANCES,7
Orlando,Cobb,Y99073.jpg,355 944 10 84,Cliente,DIMN_9,FRANCES,6
Iris,Harrell,V33253.jpg,350 772 41 97,Cliente,OBWV_0,FRANCES,7
Chelsea,Ortiz,O15909.jpg,359 640 45 14,Cliente,UNFG_6,INGLES,10
Helen,Chambers,K10411.jpg,370 722 22 13,Cliente,HXRN_3,INGLES,10
Reuben,Barnett,M02252.jpg,300 750 63 81,Cliente,JOEN_4,ESPAÑOL,5
Britanney,Becker,Y84259.jpg,355 471 40 09,Cliente,KZWB_8,FRANCES,5
Timothy,Rios,K15450.jpg,388 155 98 04,Cliente,DXKN_9,ESPAÑOL,1
Noelani,Gordon,A70515.jpg,354 952 18 71,Cliente,ABPS_4,INGLES,6
Phoebe,Hatfield,X08289.jpg,331 271 11 42,Cliente,CNHB_1,INGLES,10
Tanner,Price,E45824.jpg,373 040 22 49,Cliente,GMWV_2,ESPAÑOL,1
Craig,Long,A96658.jpg,358 804 83 72,Cliente,LCAG_9,INGLES,8
Veronica,Schwartz,J32423.jpg,361 732 86 73,Cliente,YFQM_6,ESPAÑOL,1
Solomon,Walton,V74242.jpg,337 832 12 77,Cliente,AQFR_1,INGLES,10
Aubrey,Dejesus,E01066.jpg,363 894 35 23,Cliente,OIEP_2,FRANCES,2
May,Kirkland,B26406.jpg,355 754 36 27,Cliente,CJCS_2,ESPAÑOL,8
Scott,Gross,R17361.jpg,395 062 18 27,Cliente,GQJJ_4,FRANCES,1
Harlan,Byrd,E99358.jpg,308 997 01 56,Cliente,NNTC_9,INGLES,2
Mia,Mann,Z89351.jpg,346 850 91 12,Cliente,ZOBB_5,FRANCES,6
Alea,Adams,W63166.jpg,307 471 36 25,Cliente,LTMV_9,ESPAÑOL,9
Roth,Davis,Z66378.jpg,361 794 67 95,Cliente,JYFJ_6,INGLES,9
Gage,Barr,S62834.jpg,377 151 70 59,Cliente,SMOC_3,FRANCES,6
Paki,Rasmussen,T64255.jpg,352 060 10 41,Cliente,HFRM_4,ESPAÑOL,7
Summer,Harrison,S97809.jpg,324 041 47 70,Cliente,MTCZ_0,FRANCES,6
Jonah,Clark,X56019.jpg,354 390 65 40,Cliente,FJMS_8,INGLES,7
Daryl,Berger,P67300.jpg,370 373 05 50,Cliente,KCOD_5,FRANCES,10
David,Murphy,H05150.jpg,335 793 67 63,Cliente,AQTI_0,INGLES,9
Blaze,Lamb,V27233.jpg,345 967 39 82,Cliente,KLXZ_1,INGLES,6
Melanie,Burt,B85256.jpg,391 226 02 57,Cliente,GEFS_3,INGLES,6
Benjamin,Koch,O35158.jpg,374 901 25 52,Cliente,UJUH_7,ESPAÑOL,1
Robert,Stone,K34264.jpg,303 543 52 12,Cliente,OOTG_6,INGLES,3
Quemby,Noel,L86637.jpg,353 079 59 87,Cliente,ZFSU_9,FRANCES,7
Erasmus,Hurley,V12980.jpg,348 149 40 42,Cliente,EYAM_3,FRANCES,5
Axel,Day,I32963.jpg,316 042 85 08,Cliente,GPZB_6,ESPAÑOL,8
Palmer,Gregory,W82899.jpg,348 881 69 82,Cliente,MSXL_6,INGLES,6
Finn,Willis,O72570.jpg,340 555 11 78,Cliente,NRZN_1,FRANCES,1
Zahir,Fulton,J28272.jpg,319 423 19 61,Cliente,GLJM_3,INGLES,10
Savannah,Hancock,E13538.jpg,367 524 08 40,Cliente,AGOZ_1,ESPAÑOL,10
Reece,Reilly,K47790.jpg,301 875 99 86,Cliente,CZYN_6,FRANCES,4
Neville,Talley,A70257.jpg,385 219 45 18,Cliente,FOOZ_3,INGLES,9
Demetrius,French,A67438.jpg,394 652 76 00,Cliente,TTHA_6,INGLES,8
Nita,Sellers,T39261.jpg,313 526 00 56,Cliente,NMVP_3,FRANCES,7
Callum,Hayden,Y26834.jpg,342 559 62 66,Cliente,LHCD_1,INGLES,1
Aspen,Allison,R75577.jpg,398 047 05 17,Cliente,EHHW_6,INGLES,7
Flynn,Harding,S32170.jpg,337 740 00 29,Cliente,IGVA_7,INGLES,6
Blossom,Irwin,X19456.jpg,331 606 28 69,Cliente,NMVU_3,INGLES,1
Amber,Rocha,Y84207.jpg,318 353 01 40,Cliente,WOFF_1,FRANCES,10
Fatima,Sims,Y17023.jpg,375 472 63 18,Cliente,TZOO_7,FRANCES,9
Whilemina,Reilly,E21602.jpg,362 326 26 96,Cliente,QKSI_4,ESPAÑOL,10
Irma,Barron,Q58480.jpg,380 215 74 56,Cliente,CKRK_0,FRANCES,3
Wesley,Blevins,Y78579.jpg,319 608 86 51,Cliente,PKDQ_5,INGLES,10
Pandora,Lamb,X52694.jpg,333 273 56 33,Cliente,RLFL_2,INGLES,10
Honorato,Saunders,T81734.jpg,335 838 79 30,Cliente,QDMW_1,INGLES,3
Kerry,Stanley,U71586.jpg,311 413 33 91,Cliente,MEUE_1,FRANCES,4
Nina,Norman,F77433.jpg,384 716 21 09,Cliente,HYXO_8,FRANCES,3
Neve,Snyder,B01451.jpg,331 325 65 53,Cliente,NERW_1,FRANCES,5
Declan,Rice,M48282.jpg,315 480 09 09,Cliente,PCSJ_4,ESPAÑOL,4
Isabella,Weaver,T52795.jpg,383 886 32 21,Cliente,KSDD_6,INGLES,8
Melvin,Foreman,G76462.jpg,359 819 49 85,Cliente,TJPJ_8,INGLES,2
Gregory,Vincent,U46943.jpg,383 071 53 82,Cliente,CSRY_6,ESPAÑOL,4
Connor,Taylor,A77050.jpg,362 642 30 61,Cliente,NJBL_4,INGLES,5
Ethan,Townsend,H05070.jpg,371 288 43 66,Cliente,VJPS_2,FRANCES,10
Wilma,Bartlett,I98580.jpg,313 571 34 48,Cliente,ADKE_2,FRANCES,3
Paloma,Gillespie,F41213.jpg,355 310 09 72,Cliente,YPAQ_6,FRANCES,4
Lana,Harper,O91216.jpg,311 785 32 76,Cliente,PIPS_3,FRANCES,8
Charlotte,Pugh,N92640.jpg,396 709 11 36,Cliente,DXUO_7,FRANCES,5
Raven,Benjamin,I57166.jpg,334 864 26 53,Cliente,OIFN_7,INGLES,5
Justina,Mills,K93143.jpg,353 555 81 28,Cliente,LAEA_7,INGLES,1
David,Haley,E86244.jpg,341 030 29 18,Cliente,LVBK_3,ESPAÑOL,3
Arsenio,Colon,T28454.jpg,370 103 67 45,Cliente,EFBK_6,INGLES,10
Meghan,Solis,G15767.jpg,349 114 10 57,Cliente,HMZE_5,INGLES,7
Barry,Garza,J53827.jpg,364 307 17 70,Cliente,CUVK_3,INGLES,1
Yoshio,Paul,Q09892.jpg,374 286 95 64,Cliente,WIPR_6,INGLES,8
Slade,Leon,I49968.jpg,340 238 62 66,Cliente,BVEJ_0,ESPAÑOL,6
Steel,Sharpe,H71944.jpg,377 275 66 40,Cliente,KITU_0,FRANCES,1
Akeem,Green,K58368.jpg,373 811 85 86,Cliente,MYUW_7,ESPAÑOL,7
Risa,Nichols,C21915.jpg,318 357 13 79,Cliente,FVVZ_4,ESPAÑOL,1
Zoe,Marquez,U94642.jpg,392 882 23 58,Cliente,CKCB_8,ESPAÑOL,9
Abdul,Dawson,X05942.jpg,342 333 25 37,Cliente,PACO_5,FRANCES,9
Uriah,Henderson,V65122.jpg,365 646 29 22,Cliente,GZLC_4,INGLES,2
Charissa,Howell,V97720.jpg,324 440 74 74,Cliente,UQWF_4,ESPAÑOL,2
Tatyana,Berry,S68389.jpg,372 567 51 23,Cliente,OATY_9,ESPAÑOL,8
Casey,Bond,E05035.jpg,308 911 31 45,Cliente,WLAS_6,ESPAÑOL,4
Jermaine,Gordon,Z64174.jpg,362 844 04 72,Cliente,WEVO_7,ESPAÑOL,5
Marcia,Frost,T68928.jpg,384 899 48 60,Cliente,YJUZ_5,ESPAÑOL,10
Tatyana,Macdonald,N45680.jpg,397 126 57 90,Cliente,EKOG_6,ESPAÑOL,5
Valentine,Faulkner,G49728.jpg,390 852 05 46,Cliente,RWEP_5,INGLES,8
Lucius,Pena,F12252.jpg,360 941 74 74,Cliente,VCFS_4,INGLES,1
Kai,Russo,L74028.jpg,341 792 70 72,Cliente,OVQZ_0,INGLES,7
Mallory,Wiggins,E39727.jpg,390 745 93 12,Cliente,GJAJ_5,ESPAÑOL,2
Astra,Jefferson,C40247.jpg,392 595 23 96,Cliente,XYZZ_8,FRANCES,7
Kasper,Hansen,T74236.jpg,327 665 66 26,Cliente,BOEI_5,ESPAÑOL,6
Charlotte,Butler,K56207.jpg,390 439 86 11,Cliente,KNLD_5,FRANCES,5
Ira,Cunningham,I52921.jpg,397 764 65 16,Cliente,DEYJ_0,ESPAÑOL,1
Rachel,Atkinson,G99101.jpg,300 826 50 56,Cliente,JTBU_5,ESPAÑOL,8
Chandler,Morrison,E08610.jpg,323 820 56 59,Cliente,TFWT_7,INGLES,9
Caesar,Irwin,M44770.jpg,357 359 78 37,Cliente,IENH_5,INGLES,5
Guinevere,Warren,O51687.jpg,321 930 04 91,Cliente,OCKQ_9,INGLES,4
Molly,Beasley,U50697.jpg,353 406 05 46,Cliente,TJNL_9,FRANCES,9
Harper,Black,V51297.jpg,313 136 80 43,Cliente,EOUH_9,INGLES,7
Kuame,Carter,M16019.jpg,389 667 49 33,Cliente,CPYX_4,FRANCES,1
Talon,Hall,A08781.jpg,354 141 50 71,Cliente,KUNZ_0,ESPAÑOL,9
Talon,Bell,A23924.jpg,317 999 00 44,Cliente,JQTL_2,INGLES,10
Eve,Burris,O69038.jpg,300 745 44 18,Cliente,KBEE_4,INGLES,7
Davis,Fernandez,J51000.jpg,332 389 87 29,Cliente,SKPP_8,ESPAÑOL,9
Colette,Savage,D24307.jpg,319 862 46 64,Cliente,PCQK_8,INGLES,10
Angelica,Ball,E42277.jpg,366 873 64 03,Cliente,XVED_9,ESPAÑOL,2
Christen,Foley,T01489.jpg,381 761 25 20,Cliente,IYJQ_5,INGLES,6
Ima,Cobb,K79010.jpg,380 051 19 16,Cliente,IDCN_2,ESPAÑOL,6
Nevada,Mccarty,E57944.jpg,355 939 51 07,Cliente,WITN_1,ESPAÑOL,4
Damian,Riddle,T77227.jpg,311 124 02 24,Cliente,VOVL_2,FRANCES,2
Amity,Griffin,J29640.jpg,305 042 91 62,Cliente,NQFC_0,FRANCES,3
Lana,Copeland,N16644.jpg,366 591 80 42,Cliente,KYUC_9,ESPAÑOL,2
Sierra,Leach,N92013.jpg,303 659 95 30,Cliente,HHWQ_5,INGLES,1
Daria,Fuentes,X63443.jpg,345 194 76 21,Cliente,NJUX_6,FRANCES,8
Indira,Branch,D43658.jpg,363 186 65 84,Cliente,NNWT_8,FRANCES,6
Gwendolyn,Rasmussen,B99155.jpg,318 232 66 06,Cliente,LDZE_4,INGLES,8
Ivory,Vinson,K99212.jpg,399 989 40 36,Cliente,CXBU_2,INGLES,4
Gisela,Mcbride,Q72787.jpg,315 996 19 59,Cliente,CQAY_3,FRANCES,2
Kameko,Cline,M21218.jpg,357 379 12 87,Cliente,ZEEX_9,INGLES,8
Lance,Melendez,Z10618.jpg,346 560 17 57,Cliente,RBQA_6,FRANCES,1
Hilel,Hale,U67351.jpg,392 254 57 05,Cliente,BPBQ_7,FRANCES,5
Bruce,Shaw,Z01479.jpg,356 631 21 93,Cliente,PWPV_2,INGLES,5
Daquan,Stokes,S07299.jpg,391 747 16 85,Cliente,CJGF_2,INGLES,4
Ronan,Robbins,A63996.jpg,392 841 50 72,Cliente,IPXH_0,ESPAÑOL,4
Leah,Mcdowell,U10087.jpg,356 834 91 19,Cliente,HBXK_9,FRANCES,9
Risa,Jensen,X29101.jpg,349 651 65 18,Cliente,GLPY_9,INGLES,10
Colt,Cox,X44074.jpg,317 210 93 20,Cliente,PKDJ_5,FRANCES,4
Kelly,Mcknight,K07087.jpg,370 039 84 20,Cliente,FJTT_5,ESPAÑOL,7
Buckminster,Frye,C00951.jpg,367 395 16 53,Cliente,GYAP_2,INGLES,2
Wendy,Winters,M32413.jpg,388 134 97 99,Cliente,ZTLU_0,ESPAÑOL,6
Britanni,Grimes,M83131.jpg,393 951 99 59,Cliente,HLOX_9,ESPAÑOL,8
Shannon,Dickson,W47553.jpg,395 406 11 66,Cliente,NWZN_7,FRANCES,6
Cleo,Hyde,G85079.jpg,395 736 99 91,Cliente,VLBU_4,INGLES,1
Dylan,Rogers,C11509.jpg,325 925 93 59,Cliente,YUYZ_3,FRANCES,5
Jason,Gould,Y02597.jpg,334 722 80 89,Cliente,TPVV_0,INGLES,4
Rajah,Lang,D61334.jpg,378 312 82 00,Cliente,YOBT_2,INGLES,7
Moana,Burke,N75774.jpg,369 169 39 01,Cliente,RWVM_0,FRANCES,7
Libby,Clemons,L40978.jpg,360 266 49 19,Cliente,TSSM_8,FRANCES,1
Graiden,Moody,G01808.jpg,335 641 42 29,Cliente,EJGB_5,INGLES,1
Tobias,Hoffman,A30129.jpg,302 328 80 17,Cliente,SWBQ_4,INGLES,10
Henry,Petty,M23385.jpg,381 992 01 31,Cliente,PTQN_6,INGLES,10
Uriah,Booker,U59479.jpg,352 190 24 36,Cliente,SOEH_8,ESPAÑOL,2
Mara,Garza,R27263.jpg,322 952 34 57,Cliente,SNAP_0,INGLES,1
Wylie,Dejesus,S94888.jpg,326 679 23 89,Cliente,UEWS_1,INGLES,8
Scarlet,Powers,D05744.jpg,384 877 91 90,Cliente,IBEV_1,ESPAÑOL,8
Arsenio,Perez,I88604.jpg,339 275 35 60,Cliente,SAAW_6,INGLES,9
Noah,Delaney,O47556.jpg,301 187 58 63,Cliente,MEAQ_0,ESPAÑOL,2
Leo,Shields,J85876.jpg,359 765 49 03,Cliente,DWTF_0,ESPAÑOL,3
Isaiah,Gordon,I93479.jpg,388 925 93 12,Cliente,TFHF_4,ESPAÑOL,2
Nola,Hardy,C17227.jpg,355 831 82 01,Cliente,YFSS_7,INGLES,10
Neil,Fuentes,E65021.jpg,338 348 67 40,Cliente,NVWY_6,INGLES,5
Petra,Hart,T24518.jpg,374 201 84 97,Cliente,LXYZ_3,ESPAÑOL,2
Branden,Dunn,M06973.jpg,384 522 89 46,Cliente,RWDE_7,FRANCES,1
Logan,Patrick,I23792.jpg,306 086 49 85,Cliente,RMKA_6,INGLES,4
Maya,Kemp,T87276.jpg,350 801 08 93,Cliente,YEJF_4,ESPAÑOL,2
Orson,Hoffman,R27244.jpg,338 866 13 00,Cliente,DWYP_8,FRANCES,6
Shellie,Hines,A16809.jpg,341 034 07 85,Cliente,XYUB_8,FRANCES,8
Joshua,Burgess,E13734.jpg,395 703 46 92,Cliente,RPYV_2,FRANCES,5
Daquan,York,N03174.jpg,384 947 92 46,Cliente,FXHO_4,FRANCES,8
Constance,Howell,M04259.jpg,343 685 96 02,Cliente,GAMB_8,ESPAÑOL,4
Mercedes,Wise,M54978.jpg,394 611 50 32,Cliente,BUIE_1,ESPAÑOL,4
Carla,Harmon,R62475.jpg,308 086 59 87,Cliente,CFMM_8,INGLES,3
Brendan,Montoya,B14148.jpg,382 615 83 41,Cliente,KDKG_1,FRANCES,8
Lee,Dalton,T91067.jpg,383 253 70 26,Cliente,IFOH_6,INGLES,4
Isadora,Mccarthy,Q11208.jpg,399 221 44 25,Cliente,IOIK_0,FRANCES,4
Laith,Pennington,K01061.jpg,381 173 78 48,Cliente,EUON_4,FRANCES,5
Damon,Rodgers,V41265.jpg,397 443 17 16,Cliente,XXCQ_2,ESPAÑOL,9
Curran,Dennis,B60445.jpg,358 617 90 19,Cliente,SDFR_6,INGLES,10
Troy,Sheppard,A80850.jpg,386 995 72 34,Cliente,OXVS_7,ESPAÑOL,5
Graham,Mcgee,Z09277.jpg,331 909 55 92,Cliente,QXAH_3,ESPAÑOL,2
Odette,Byrd,L70713.jpg,341 540 55 94,Cliente,PIZA_0,INGLES,9
Fiona,Blankenship,A36100.jpg,374 620 30 50,Cliente,CCQC_8,ESPAÑOL,4
Bertha,Key,M50285.jpg,361 535 61 15,Cliente,VMVH_1,INGLES,8
Gage,Hewitt,O85089.jpg,384 185 80 34,Cliente,APVH_3,INGLES,7
Larissa,Hendricks,E72406.jpg,392 475 29 74,Cliente,HSPZ_4,FRANCES,8
Nero,Mann,C45475.jpg,376 928 96 86,Cliente,ZIAX_1,ESPAÑOL,6
Francis,Oliver,V55430.jpg,352 840 85 81,Cliente,LKDT_1,ESPAÑOL,4
Kieran,Scott,F22342.jpg,335 801 57 52,Cliente,ELXN_8,FRANCES,9
Shea,Barnett,Y00684.jpg,356 544 85 07,Cliente,SIXA_7,INGLES,6
Kiara,Day,D28316.jpg,365 899 74 29,Cliente,JBBT_6,ESPAÑOL,1
Kieran,Waller,M41581.jpg,349 841 93 92,Cliente,BYOT_5,FRANCES,9
Aurora,Whitaker,E16480.jpg,347 142 24 82,Cliente,LKRL_8,ESPAÑOL,5
Jenna,Stewart,X88097.jpg,388 239 97 92,Cliente,KYFO_4,INGLES,8
Shelby,Jennings,W83656.jpg,387 860 36 57,Cliente,KNFJ_8,FRANCES,7
Tate,Owens,R02172.jpg,370 234 17 73,Cliente,FDQS_7,FRANCES,3
Naida,Ball,P56648.jpg,399 676 56 58,Cliente,WJYR_9,ESPAÑOL,10